chromosome	base_pair_location	effect_allele	other_allele	beta	standard_error	effect_allele_frequency	p_value	rsid	n	hm_coordinate_conversion	hm_code	variant_id
1	100152183	T	C	-0.2	0.05	0.05	0.01	1:100152183:C:T	5000			1:100152183:C:T
1	100152206	C	T	-0.16	0.05	0.08	0.001	1:100152206:T:C	5000			1:100152206:T:C
1	100154233	C	T	-0.12	0.05	0.11	0.0001	1:100154233:T:C	5000			1:100154233:T:C
1	100154467	A	G	-0.08	0.05	0.14	1e-05	1:100154467:G:A	5000			1:100154467:G:A
1	100154643	T	C	-0.04	0.05	0.17	1e-06	1:100154643:C:T	5000			1:100154643:C:T
1	100163758	C	T	0.02	0.05	0.2	0.01	1:100163758:T:C	5000			1:100163758:T:C
1	100164000	G	A	0.04	0.05	0.23	0.001	1:100164000:A:G	5000			1:100164000:A:G
1	100164547	G	A	0.08	0.05	0.26	0.0001	1:100164547:A:G	5000			1:100164547:A:G
1	100174876	A	T	0.12	0.05	0.29	1e-05	1:100174876:T:A	5000			1:100174876:T:A
1	100176571	C	T	0.16	0.05	0.32	1e-06	1:100176571:T:C	5000			1:100176571:T:C
1	100213113	A	T	0.2	0.05	0.05	0.01	1:100213113:T:A	5000			1:100213113:T:A
1	100213151	C	T	-0.2	0.05	0.08	0.001	1:100213151:T:C	5000			1:100213151:T:C
1	100214391	A	T	-0.16	0.05	0.11	0.0001	1:100214391:T:A	5000			1:100214391:T:A
1	100316589	G	A	-0.12	0.05	0.14	1e-05	1:100316589:A:G	5000			1:100316589:A:G
1	100316765	T	C	-0.08	0.05	0.17	1e-06	1:100316765:C:T	5000			1:100316765:C:T
1	100318245	G	T	-0.04	0.05	0.2	0.01	1:100318245:T:G	5000			1:100318245:T:G
1	100326966	G	C	0.02	0.05	0.23	0.001	1:100326966:C:G	5000			1:100326966:C:G
1	100327183	C	T	0.04	0.05	0.26	0.0001	1:100327183:T:C	5000			1:100327183:T:C
1	100327481	A	C	0.08	0.05	0.29	1e-05	1:100327481:C:A	5000			1:100327481:C:A
1	100328060	G	T	0.12	0.05	0.32	1e-06	1:100328060:T:G	5000			1:100328060:T:G
1	100329889	C	G	0.16	0.05	0.05	0.01	1:100329889:G:C	5000			1:100329889:G:C
1	100330197	T	C	0.2	0.05	0.08	0.001	1:100330197:C:T	5000			1:100330197:C:T
1	100330237	G	A	-0.2	0.05	0.11	0.0001	1:100330237:A:G	5000			1:100330237:A:G
1	100330295	C	T	-0.16	0.05	0.14	1e-05	1:100330295:T:C	5000			1:100330295:T:C
1	100335883	G	A	-0.12	0.05	0.17	1e-06	1:100335883:A:G	5000			1:100335883:A:G
1	100336361	T	C	-0.08	0.05	0.2	0.01	1:100336361:C:T	5000			1:100336361:C:T
1	100340225	A	G	-0.04	0.05	0.23	0.001	1:100340225:G:A	5000			1:100340225:G:A
1	100340454	A	G	0.02	0.05	0.26	0.0001	1:100340454:G:A	5000			1:100340454:G:A
1	100340782	T	G	0.04	0.05	0.29	1e-05	1:100340782:G:T	5000			1:100340782:G:T
1	100340787	A	G	0.08	0.05	0.32	1e-06	1:100340787:G:A	5000			1:100340787:G:A
1	100342227	T	C	0.12	0.05	0.05	0.01	1:100342227:C:T	5000			1:100342227:C:T
1	100343153	G	A	0.16	0.05	0.08	0.001	1:100343153:A:G	5000			1:100343153:A:G
1	100345409	G	C	0.2	0.05	0.11	0.0001	1:100345409:C:G	5000			1:100345409:C:G
1	100345455	A	C	-0.2	0.05	0.14	1e-05	1:100345455:C:A	5000			1:100345455:C:A
1	100346741	C	T	-0.16	0.05	0.17	1e-06	1:100346741:T:C	5000			1:100346741:T:C
1	100349983	T	C	-0.12	0.05	0.2	0.01	1:100349983:C:T	5000			1:100349983:C:T
1	100350383	A	G	-0.08	0.05	0.23	0.001	1:100350383:G:A	5000			1:100350383:G:A
1	100353675	A	G	-0.04	0.05	0.26	0.0001	1:100353675:G:A	5000			1:100353675:G:A
1	100357041	G	A	0.02	0.05	0.29	1e-05	1:100357041:A:G	5000			1:100357041:A:G
1	100357141	A	T	0.04	0.05	0.32	1e-06	1:100357141:T:A	5000			1:100357141:T:A
1	100358200	A	G	0.08	0.05	0.05	0.01	1:100358200:G:A	5000			1:100358200:G:A
1	100361823	A	G	0.12	0.05	0.08	0.001	1:100361823:G:A	5000			1:100361823:G:A
1	100366141	G	A	0.16	0.05	0.11	0.0001	1:100366141:A:G	5000			1:100366141:A:G
1	100366453	G	T	0.2	0.05	0.14	1e-05	1:100366453:T:G	5000			1:100366453:T:G
1	100376448	A	G	-0.2	0.05	0.17	1e-06	1:100376448:G:A	5000			1:100376448:G:A
1	100376456	A	T	-0.16	0.05	0.2	0.01	1:100376456:T:A	5000			1:100376456:T:A
1	100377973	C	T	-0.12	0.05	0.23	0.001	1:100377973:T:C	5000			1:100377973:T:C
1	100381869	A	G	-0.08	0.05	0.26	0.0001	1:100381869:G:A	5000			1:100381869:G:A
1	100472604	G	A	-0.04	0.05	0.29	1e-05	1:100472604:A:G	5000			1:100472604:A:G
1	100480826	T	C	0.02	0.05	0.32	1e-06	1:100480826:C:T	5000			1:100480826:C:T
1	100533960	A	G	0.04	0.05	0.05	0.01	1:100533960:G:A	5000			1:100533960:G:A
1	100543962	G	A	0.08	0.05	0.08	0.001	1:100543962:A:G	5000			1:100543962:A:G
1	100546230	G	A	0.12	0.05	0.11	0.0001	1:100546230:A:G	5000			1:100546230:A:G
1	100575933	A	G	0.16	0.05	0.14	1e-05	1:100575933:G:A	5000			1:100575933:G:A
1	100575974	C	T	0.2	0.05	0.17	1e-06	1:100575974:T:C	5000			1:100575974:T:C
1	100584746	C	A	-0.2	0.05	0.2	0.01	1:100584746:A:C	5000			1:100584746:A:C
1	100587250	C	A	-0.16	0.05	0.23	0.001	1:100587250:A:C	5000			1:100587250:A:C
1	100598439	C	G	-0.12	0.05	0.26	0.0001	1:100598439:G:C	5000			1:100598439:G:C
1	100598866	A	G	-0.08	0.05	0.29	1e-05	1:100598866:G:A	5000			1:100598866:G:A
1	100609820	C	T	-0.04	0.05	0.32	1e-06	1:100609820:T:C	5000			1:100609820:T:C
1	100617887	T	C	0.02	0.05	0.05	0.01	1:100617887:C:T	5000			1:100617887:C:T
1	100625934	G	A	0.04	0.05	0.08	0.001	1:100625934:A:G	5000			1:100625934:A:G
1	100662606	G	T	0.08	0.05	0.11	0.0001	1:100662606:T:G	5000			1:100662606:T:G
1	100671866	A	T	0.12	0.05	0.14	1e-05	1:100671866:T:A	5000			1:100671866:T:A
1	100671867	T	A	0.16	0.05	0.17	1e-06	1:100671867:A:T	5000			1:100671867:A:T
1	100672060	C	T	0.2	0.05	0.2	0.01	1:100672060:T:C	5000			1:100672060:T:C
1	100681587	G	A	-0.2	0.05	0.23	0.001	1:100681587:A:G	5000			1:100681587:A:G
1	100715454	A	G	-0.16	0.05	0.26	0.0001	1:100715454:G:A	5000			1:100715454:G:A
1	100733552	C	T	-0.12	0.05	0.29	1e-05	1:100733552:T:C	5000			1:100733552:T:C
1	100735903	G	A	-0.08	0.05	0.32	1e-06	1:100735903:A:G	5000			1:100735903:A:G
1	100740694	A	G	-0.04	0.05	0.05	0.01	1:100740694:G:A	5000			1:100740694:G:A
1	100742670	G	A	0.02	0.05	0.08	0.001	1:100742670:A:G	5000			1:100742670:A:G
1	100797449	T	A	0.04	0.05	0.11	0.0001	1:100797449:A:T	5000			1:100797449:A:T
1	100797473	C	T	0.08	0.05	0.14	1e-05	1:100797473:T:C	5000			1:100797473:T:C
1	100817384	G	A	0.12	0.05	0.17	1e-06	1:100817384:A:G	5000			1:100817384:A:G
1	100818464	C	T	0.16	0.05	0.2	0.01	1:100818464:T:C	5000			1:100818464:T:C
1	100819273	C	T	0.2	0.05	0.23	0.001	1:100819273:T:C	5000			1:100819273:T:C
1	100858603	A	G	-0.2	0.05	0.26	0.0001	1:100858603:G:A	5000			1:100858603:G:A
1	100858699	C	T	-0.16	0.05	0.29	1e-05	1:100858699:T:C	5000			1:100858699:T:C
1	100908324	G	A	-0.12	0.05	0.32	1e-06	1:100908324:A:G	5000			1:100908324:A:G
1	100908577	T	A	-0.08	0.05	0.05	0.01	1:100908577:A:T	5000			1:100908577:A:T
1	100921190	G	A	-0.04	0.05	0.08	0.001	1:100921190:A:G	5000			1:100921190:A:G
1	100933388	C	T	0.02	0.05	0.11	0.0001	1:100933388:T:C	5000			1:100933388:T:C
1	100949860	A	G	0.04	0.05	0.14	1e-05	1:100949860:G:A	5000			1:100949860:G:A
1	100961419	G	A	0.08	0.05	0.17	1e-06	1:100961419:A:G	5000			1:100961419:A:G
1	100983623	A	G	0.12	0.05	0.2	0.01	1:100983623:G:A	5000			1:100983623:G:A
1	101117684	T	A	0.16	0.05	0.23	0.001	1:101117684:A:T	5000			1:101117684:A:T
1	101189027	G	C	0.2	0.05	0.26	0.0001	1:101189027:C:G	5000			1:101189027:C:G
1	101190173	T	C	-0.2	0.05	0.29	1e-05	1:101190173:C:T	5000			1:101190173:C:T
1	101197183	A	G	-0.16	0.05	0.32	1e-06	1:101197183:G:A	5000			1:101197183:G:A
1	101199979	G	A	-0.12	0.05	0.05	0.01	1:101199979:A:G	5000			1:101199979:A:G
1	101203827	A	G	-0.08	0.05	0.08	0.001	1:101203827:G:A	5000			1:101203827:G:A
1	101372607	A	C	-0.04	0.05	0.11	0.0001	1:101372607:C:A	5000			1:101372607:C:A
1	101722147	T	G	0.02	0.05	0.14	1e-05	1:101722147:G:T	5000			1:101722147:G:T
1	102271774	A	G	0.04	0.05	0.17	1e-06	1:102271774:G:A	5000			1:102271774:G:A
1	102296127	T	A	0.08	0.05	0.2	0.01	1:102296127:A:T	5000			1:102296127:A:T
1	102296144	G	T	0.12	0.05	0.23	0.001	1:102296144:T:G	5000			1:102296144:T:G
1	102296279	C	T	0.16	0.05	0.26	0.0001	1:102296279:T:C	5000			1:102296279:T:C
1	102359002	T	C	0.2	0.05	0.29	1e-05	1:102359002:C:T	5000			1:102359002:C:T
1	103343470	A	G	-0.2	0.05	0.32	1e-06	1:103343470:G:A	5000			1:103343470:G:A
1	103352451	G	A	-0.16	0.05	0.05	0.01	1:103352451:A:G	5000			1:103352451:A:G
1	103352773	T	C	-0.12	0.05	0.08	0.001	1:103352773:C:T	5000			1:103352773:C:T
1	103352801	A	G	-0.08	0.05	0.11	0.0001	1:103352801:G:A	5000			1:103352801:G:A
1	103354138	G	A	-0.04	0.05	0.14	1e-05	1:103354138:A:G	5000			1:103354138:A:G
1	103354428	G	A	0.02	0.05	0.17	1e-06	1:103354428:A:G	5000			1:103354428:A:G
1	103356168	C	A	0.04	0.05	0.2	0.01	1:103356168:A:C	5000			1:103356168:A:C
1	103379918	A	G	0.08	0.05	0.23	0.001	1:103379918:G:A	5000			1:103379918:G:A
1	103405793	A	G	0.12	0.05	0.26	0.0001	1:103405793:G:A	5000			1:103405793:G:A
1	103427381	G	A	0.16	0.05	0.29	1e-05	1:103427381:A:G	5000			1:103427381:A:G
1	103428389	A	G	0.2	0.05	0.32	1e-06	1:103428389:G:A	5000			1:103428389:G:A
1	103444497	G	A	-0.2	0.05	0.05	0.01	1:103444497:A:G	5000			1:103444497:A:G
1	103444679	G	T	-0.16	0.05	0.08	0.001	1:103444679:T:G	5000			1:103444679:T:G
1	103445223	A	G	-0.12	0.05	0.11	0.0001	1:103445223:G:A	5000			1:103445223:G:A
1	103449598	C	G	-0.08	0.05	0.14	1e-05	1:103449598:G:C	5000			1:103449598:G:C
1	103453379	C	G	-0.04	0.05	0.17	1e-06	1:103453379:G:C	5000			1:103453379:G:C
1	103455217	T	C	0.02	0.05	0.2	0.01	1:103455217:C:T	5000			1:103455217:C:T
1	103461508	A	T	0.04	0.05	0.23	0.001	1:103461508:T:A	5000			1:103461508:T:A
1	103462473	G	A	0.08	0.05	0.26	0.0001	1:103462473:A:G	5000			1:103462473:A:G
1	103463976	T	G	0.12	0.05	0.29	1e-05	1:103463976:G:T	5000			1:103463976:G:T
1	103467596	G	A	0.16	0.05	0.32	1e-06	1:103467596:A:G	5000			1:103467596:A:G
